time,latitude,longitude,depth,mag,magType,nst,gap,dmin,rms,net,id,updated,place,type,horizontalError,depthError,magError,magNst,status,locationSource,magSource
2016-10-01T11:25:11.000Z,-32.078,-71.709,16.3,4.6,mb,,,,0.83,us,us10006udi,2016-10-01T11:41:01.040Z,"61km NW of La Ligua, Chile",earthquake,6.5,5.5,0.192,8,reviewed,guc,us
2016-10-01T11:14:59.710Z,40.3191681,-124.5666656,11.97,2.59,md,8,272,0.2159,0.02,nc,nc72705836,2016-10-01T11:19:02.268Z,"38km SW of Ferndale, California",earthquake,2.87,1.21,0.12,5,automatic,nc,nc
2016-10-01T10:58:31.870Z,36.4064,-96.8804,5,2.5,mb_lg,,58,0.023,0.45,us,us10006ud5,2016-10-01T11:12:54.040Z,"10km NW of Pawnee, Oklahoma",earthquake,1.3,1.8,0.106,23,reviewed,us,us
2016-10-01T10:25:57.560Z,-29.636,-72.0358,10,4.7,mwr,,96,0.748,1.23,us,us10006ucx,2016-10-01T10:42:24.040Z,"75km WNW of Coquimbo, Chile",earthquake,3.7,1.9,0.038,68,reviewed,us,us
2016-10-01T08:22:51.700Z,18.8383,-64.9897,23,2.9,Md,9,262.8,0.48509025,0.2,pr,pr16275006,2016-10-01T13:25:38.269Z,"55km N of Charlotte Amalie, U.S. Virgin Islands",earthquake,1.5,14,0,5,reviewed,pr,pr
2016-10-01T07:53:29.380Z,36.2434998,-120.354332,12.73,3.52,mw,96,42,0.09294,0.16,nc,nc72705776,2016-10-01T14:15:47.600Z,"11km N of Coalinga, California",earthquake,0.26,0.45,,3,reviewed,nc,nc
2016-10-01T07:27:43.800Z,19.353,-64.7129,50,2.9,Md,6,316.8,1.01779122,0.11,pr,pr16275005,2016-10-01T12:40:27.447Z,"104km N of Road Town, British Virgin Islands",earthquake,3.2,9.3,0,5,reviewed,pr,pr
2016-10-01T05:04:17.600Z,18.999,-64.9377,16,3.2,Md,10,284.4,0.64319374,0.37,pr,pr16275002,2016-10-01T05:20:37.519Z,"72km N of Charlotte Amalie, U.S. Virgin Islands",earthquake,7.3,14.9,0,6,reviewed,pr,pr
2016-10-01T04:39:38.930Z,14.4066,-93.074,46.42,4.5,mb,,165,1.341,0.81,us,us10006ub7,2016-10-01T04:58:26.040Z,"78km WSW of Puerto Madero, Mexico",earthquake,8.7,10.9,0.045,147,reviewed,us,us
2016-10-01T01:07:49.000Z,18.9972,-64.9533,30,2.8,Md,6,291.6,0.64229543,0.27,pr,pr16275001,2016-10-01T04:01:48.730Z,"72km N of Charlotte Amalie, U.S. Virgin Islands",earthquake,3.8,16.6,0,6,reviewed,pr,pr
2016-10-01T00:42:45.430Z,36.3797,-98.3374,5,2.5,mb_lg,,49,0.311,0.5,us,us10006u93,2016-10-01T07:35:42.278Z,"17km NE of Fairview, Oklahoma",earthquake,1,2,0.111,21,reviewed,us,us
2016-09-30T23:06:48.850Z,19.8816,-74.3578,10,5,mb,,30,0.71,0.98,us,us10006u8f,2016-10-01T04:00:22.942Z,"53km SSE of Baracoa, Cuba",earthquake,6.5,1.9,0.027,443,reviewed,us,us
2016-09-30T22:35:48.910Z,-3.999,-76.9413,105.61,4.7,mb,,84,1.764,0.89,us,us10006u80,2016-09-30T23:33:28.967Z,"96km NNW of Barranca, Peru",earthquake,6.8,6.5,0.039,203,reviewed,us,us
2016-09-30T18:24:59.350Z,39.0191667,-71.2921667,7.43,2.71,ml,48,251,2.451,0.69,ld,ld60126906,2016-10-01T13:32:19.040Z,"270km SSE of Southampton, New York",earthquake,6.03,12.04,0.11,18,reviewed,ld,ld
2016-09-30T18:07:09.600Z,17.8407,-65.6115,17,2.7,Md,4,273.6,0.26140975,0.4,pr,pr16274002,2016-10-01T13:19:00.040Z,"32km SSW of Esperanza, Puerto Rico",earthquake,2.9,2,0,3,reviewed,pr,pr
2016-09-30T17:28:55.700Z,18.7269,-64.4083,111,3,Md,4,327.6,0.5228195,0.2,pr,pr16274001,2016-10-01T13:20:17.040Z,"40km NNE of Road Town, British Virgin Islands",earthquake,8.2,3,0,4,reviewed,pr,pr
2016-09-30T16:45:12.550Z,-1.6837,-77.5923,169.58,4.9,mb,,41,1.2,1.11,us,us10006u5a,2016-09-30T17:22:08.961Z,"37km E of Palora, Ecuador",earthquake,7.6,7,0.029,362,reviewed,us,us
2016-09-30T12:34:46.110Z,15.122,-92.712,81.85,4.3,mb,,162,1.149,1.48,us,us10006u26,2016-09-30T17:30:10.040Z,"17km SW of Villa Comaltitlan, Mexico",earthquake,4.9,10.7,0.067,64,reviewed,us,us
2016-09-30T12:32:40.160Z,32.3919,48.8826,10,4.3,mb,,90,7.582,1.06,us,us10006u25,2016-09-30T17:38:10.040Z,"38km N of Shushtar, Iran",earthquake,8.6,2,0.104,26,reviewed,us,us
2016-09-30T07:30:25.600Z,35.6562,-97.1415,1.21,2.5,mb_lg,,69,0.04,0.19,us,us10006u0y,2016-10-01T06:33:43.771Z,"4km E of Luther, Oklahoma",earthquake,1,4.9,0.092,31,reviewed,us,us
2016-09-30T05:45:36.650Z,36.4949,-99.0723,3.9,3,mb_lg,,227,0.128,0.13,us,us10006u0q,2016-10-01T05:14:53.433Z,"13km ENE of Mooreland, Oklahoma",earthquake,1.6,5.6,0.065,62,reviewed,us,us
2016-09-30T03:23:12.000Z,19.159,-66.0442,30,3.1,Md,17,244.8,0.81836522,0.47,pr,pr16274000,2016-09-30T07:49:25.617Z,"76km N of San Juan, Puerto Rico",earthquake,2.5,20.6,0,12,reviewed,pr,pr
2016-09-30T02:15:50.560Z,35.9876,-97.2176,6.35,2.5,mb_lg,,30,0.094,0.22,us,us10006u03,2016-09-30T20:36:49.035Z,"5km NE of Langston, Oklahoma",earthquake,1.1,7.3,0.109,22,reviewed,us,us
2016-09-30T00:39:04.660Z,-28.308,-71.2405,50.44,4.4,mb,,104,0.179,1.4,us,us10006tzx,2016-09-30T01:26:53.755Z,"55km WNW of Vallenar, Chile",earthquake,4.7,8.4,0.24,5,reviewed,us,us
2016-09-29T23:28:54.300Z,19.173,-64.4649,59,3.4,Md,19,295.2,0.76446631,0.21,pr,pr16273004,2016-09-30T01:14:19.040Z,"85km N of Road Town, British Virgin Islands",earthquake,2.8,5.3,0,17,reviewed,pr,pr
2016-09-29T22:27:15.150Z,34.7387,24.8037,10,4.2,mb,,77,0.552,1.37,us,us10006tz4,2016-09-29T22:43:45.040Z,"35km S of Moirai, Greece",earthquake,4.9,1.9,0.121,20,reviewed,us,us
2016-09-29T20:23:14.930Z,16.1287,-84.9365,10,5.1,mb,,35,3.055,1.45,us,us10006txy,2016-10-01T00:04:32.953Z,"44km NE of Cusuna, Honduras",earthquake,6.6,1.9,0.032,314,reviewed,us,us
2016-09-29T18:08:35.760Z,36.2631,-98.3976,5,3.4,mb_lg,,56,0.251,0.22,us,us10006tws,2016-09-30T01:12:48.347Z,"7km E of Fairview, Oklahoma",earthquake,0.5,1.9,0.056,83,reviewed,us,us
2016-09-29T18:07:59.280Z,33.2873333,-115.7248333,4.83,3.21,ml,97,33,0.06549,0.23,ci,ci37705744,2016-10-01T11:08:13.056Z,"7km S of Bombay Beach, CA",earthquake,0.15,0.46,0.144,239,reviewed,ci,ci
2016-09-29T17:39:02.110Z,-14.241,-72.8086,69.29,4.1,mb,,122,4.523,1.82,us,us10006twl,2016-09-30T17:23:53.978Z,"67km S of Abancay, Peru",earthquake,2.9,15.4,0.234,5,reviewed,us,us
2016-09-29T14:13:00.530Z,40.2815,-124.5656667,19.3,2.79,md,22,263,0.2189,0.1,nc,nc72704526,2016-09-29T18:58:02.647Z,"41km SW of Ferndale, California",earthquake,1.98,0.7,0.239,29,reviewed,nc,nc
2016-09-29T12:59:29.730Z,35.8976667,-117.684,2.41,3.04,ml,43,38,0.05707,0.15,ci,ci37705224,2016-09-30T04:41:52.127Z,"20km ESE of Little Lake, CA",earthquake,0.13,0.26,0.146,19,reviewed,ci,ci
2016-09-29T12:57:17.500Z,19.055,-67.013,37,2.9,Md,10,270,0.59198977,0.55,pr,pr16273003,2016-09-29T14:09:10.455Z,"61km N of Isabela, Puerto Rico",earthquake,2.3,9.6,0,9,reviewed,pr,pr
2016-09-29T12:52:55.800Z,19.041,-66.8786,9,2.9,Md,19,216,0.61085439,0.74,pr,pr16273002,2016-09-29T13:57:38.205Z,"61km NNE of Isabela, Puerto Rico",earthquake,1.7,3.9,0,17,reviewed,pr,pr
2016-09-29T09:18:01.480Z,36.6413333,-121.2635,10.09,2.8,md,70,66,0.02628,0.06,nc,nc72704406,2016-09-30T06:49:13.134Z,"21km SSE of Ridgemark, California",earthquake,0.1,0.24,0.179,109,reviewed,nc,nc
2016-09-29T08:56:18.670Z,15.8565,-98.3336,10,5.1,mb,,145,1.711,0.77,us,us10006trl,2016-09-30T17:27:30.257Z,"61km SSW of Santiago Pinotepa Nacional, Mexico",earthquake,11,1.9,0.091,39,reviewed,us,us
2016-09-29T08:55:20.940Z,16.4235,-98.3295,42.73,5.2,mb,,93,1.155,0.78,us,us10006tre,2016-09-30T17:27:17.761Z,"10km ESE of Cuajinicuilapa, Mexico",earthquake,8.9,7.6,0.04,210,reviewed,us,us
2016-09-29T06:43:07.200Z,17.8059,-66.8198,19,2.5,Md,5,262.8,0.26769795,0.2,pr,pr16273001,2016-09-29T07:34:51.676Z,"20km SSE of Guanica, Puerto Rico",earthquake,1.7,0.8,0,3,reviewed,pr,pr
2016-09-29T06:24:55.240Z,36.3821,-96.9461,6.46,2.8,mb_lg,,33,0.031,0.27,us,us10006tqu,2016-09-29T15:44:29.680Z,"13km WNW of Pawnee, Oklahoma",earthquake,1.1,2.8,0.092,31,reviewed,us,us
2016-09-29T04:51:31.206Z,41.0826,-117.4365,11.5,2.6,ml,22,113.43,0.672,0.1725,nn,nn00561917,2016-09-29T14:48:37.517Z,"27km ENE of Winnemucca, Nevada",earthquake,,3.5,0.25,18,reviewed,nn,nn
2016-09-29T03:19:17.000Z,49.758,-114.841,1.2,3.2,ml,,,,0.88,us,us10006tpz,2016-09-30T07:54:26.659Z,"32km S of Elkford, Canada",earthquake,5.5,3.9,,,reviewed,pgc,pgc
2016-09-29T00:21:10.280Z,-35.5494,-103.8896,10,5.2,mb,,67,9.598,0.55,us,us10006tpd,2016-09-29T11:57:26.000Z,"Southeast of Easter Island",earthquake,11,1.9,0.032,314,reviewed,us,us
2016-09-28T22:12:13.240Z,-0.0472,-17.7364,10,4.9,mb,,58,8.525,0.65,us,us10006tn0,2016-09-28T22:31:10.040Z,"North of Ascension Island",earthquake,9.9,1.8,0.06,89,reviewed,us,us
2016-09-28T21:14:28.320Z,-23.7987,-68.051,124.85,4.2,mb,,83,0.851,0.57,us,us10006tm6,2016-09-28T22:52:12.040Z,"99km S of San Pedro de Atacama, Chile",earthquake,7.2,8,0.2,7,reviewed,us,us
2016-09-28T19:02:27.190Z,46.0235,-112.478,-2,2.51,ml,9,89,0.202,0.14,mb,mb80176489,2016-09-29T22:37:12.420Z,"4km ENE of Butte, Montana",quarry blast,0.61,31.61,0.289,15,reviewed,mb,mb
2016-09-28T16:48:55.510Z,12.4456,-86.5337,7.5,5.5,mww,,89,0.169,0.65,us,us10006tk4,2016-09-30T16:28:42.256Z,"19km NE of La Paz Centro, Nicaragua",earthquake,5.5,1.9,,,reviewed,us,us
2016-09-28T16:02:56.850Z,36.5323,-98.9706,3.29,2.5,mb_lg,,148,0.106,0.3,us,us10006tjg,2016-09-28T23:32:08.331Z,"23km ENE of Mooreland, Oklahoma",earthquake,1.9,3.9,0.098,27,reviewed,us,us
2016-09-28T15:26:51.370Z,37.3363333,-121.6953333,8.13,3.25,mw,150,40,0.04239,0.11,nc,nc72703906,2016-10-01T04:52:15.860Z,"11km ESE of East Foothills, California",earthquake,0.1,0.18,,4,reviewed,nc,nc
2016-09-28T12:57:34.220Z,37.5533333,-118.832,9.01,3.07,ml,40,70,0.0367,0.03,nc,nc72703871,2016-10-01T00:02:06.518Z,"16km SE of Mammoth Lakes, California",earthquake,0.23,0.46,0.144,12,reviewed,nc,nc
2016-09-28T11:18:18.160Z,32.0978333,-115.0768333,27.36,3.23,ml,13,258,0.2045,0.22,ci,ci37703976,2016-09-28T13:30:50.016Z,"13km SSW of Estacion Coahuila, B.C., MX",earthquake,1.25,0.5,0.176,81,reviewed,ci,ci
2016-09-28T11:02:56.600Z,19.4664,-65.4243,88,3,Md,4,309.6,1.15972503,0.25,pr,pr16272008,2016-09-28T12:14:58.892Z,"123km NNE of Vieques, Puerto Rico",earthquake,7.1,12.3,0,3,reviewed,pr,pr
2016-09-28T09:41:17.800Z,-6.8804,-12.6309,10,4.9,mb,,60,2.008,1.38,us,us10006thz,2016-09-28T10:08:43.040Z,"228km ENE of Georgetown, Saint Helena",earthquake,8.3,1.9,0.069,82,reviewed,us,us
2016-09-28T09:10:08.770Z,37.9192,29.2049,10,4.2,mb,,38,0.765,0.56,us,us10006thu,2016-09-29T19:26:25.274Z,"7km E of Pamukkale, Turkey",earthquake,5.2,2,0.2,7,reviewed,us,us
2016-09-28T07:24:23.850Z,33.3061667,-115.7023333,3.86,2.6,ml,55,74,0.05307,0.2,ci,ci37703880,2016-09-28T15:03:35.867Z,"6km SSE of Bombay Beach, CA",earthquake,0.27,0.67,0.171,96,reviewed,ci,ci
2016-09-28T07:17:32.280Z,36.7573,21.9434,10,5,mb,,66,0.42,1.41,us,us10006th7,2016-09-30T06:37:54.177Z,"4km S of Koroni, Greece",earthquake,4.3,1.9,0.082,47,reviewed,us,us
2016-09-28T07:04:42.000Z,18.7451,-66.6539,8,2.5,Md,11,262.8,0.29105415,0.36,pr,pr16272006,2016-09-28T11:47:20.891Z,"30km NNE of Arecibo, Puerto Rico",earthquake,1.4,1.6,0,9,reviewed,pr,pr
2016-09-28T05:20:45.150Z,40.3361667,-124.7535,18.48,2.74,md,28,241,0.3469,0.13,nc,nc72703781,2016-09-28T22:32:01.718Z,"49km WSW of Ferndale, California",earthquake,1.01,0.87,0.189,31,reviewed,nc,nc
2016-09-28T04:42:07.800Z,18.2707,-67.1958,29,2.5,Md,5,144,0.14013718,0.18,pr,pr16272005,2016-09-28T07:56:58.158Z,"2km SSW of La Playa, Puerto Rico",earthquake,0.9,1.7,0,5,reviewed,pr,pr
2016-09-28T02:33:50.330Z,33.2973333,-115.7166667,6.9,3.27,ml,103,34,0.05686,0.25,ci,ci37703656,2016-09-28T04:41:30.514Z,"6km SSE of Bombay Beach, CA",earthquake,0.17,0.49,0.119,267,reviewed,ci,ci
2016-09-28T01:50:56.200Z,18.2555,-66.411,28,2.8,Md,18,104.4,0.23985018,0.25,pr,pr16272000,2016-09-28T02:12:51.856Z,"7km S of Morovis, Puerto Rico",earthquake,0.7,1.3,0,11,reviewed,pr,pr
2016-09-28T01:27:25.700Z,33.3081667,-115.7053333,4.31,2.69,ml,51,74,0.05012,0.18,ci,ci37703592,2016-09-28T14:57:22.780Z,"5km SSE of Bombay Beach, CA",earthquake,0.22,0.6,0.18,93,reviewed,ci,ci
2016-09-28T01:21:16.500Z,36.2781,-98.406,6.106,2.7,ml,,82,,0.24,us,us10006tet,2016-09-29T02:30:53.040Z,"6km E of Fairview, Oklahoma",earthquake,1.3,3.8,,,reviewed,tul,tul
2016-09-28T01:14:01.400Z,33.299,-115.7123333,5.51,2.57,ml,45,69,0.05627,0.2,ci,ci37703560,2016-09-28T14:39:59.029Z,"6km SSE of Bombay Beach, CA",earthquake,0.19,0.51,0.092,11,reviewed,ci,ci
2016-09-28T01:13:03.710Z,33.2988333,-115.7053333,6.85,3.49,mw,102,35,0.05851,0.24,ci,ci37703552,2016-09-29T01:14:54.367Z,"6km SSE of Bombay Beach, CA",earthquake,0.16,0.46,,4,reviewed,ci,ci
2016-09-28T01:11:24.270Z,33.2981667,-115.714,5.28,2.93,ml,61,68,0.05665,0.19,ci,ci37703544,2016-09-28T14:03:39.170Z,"6km SSE of Bombay Beach, CA",earthquake,0.22,0.56,0.135,110,reviewed,ci,ci
2016-09-28T01:05:51.190Z,33.2986667,-115.7118333,7.03,3.64,mw,104,35,0.05672,0.24,ci,ci37703504,2016-09-29T01:07:42.354Z,"6km SSE of Bombay Beach, CA",earthquake,0.19,0.53,,4,reviewed,ci,ci
2016-09-28T00:49:10.800Z,36.465,-99.161,4.545,2.8,ml,,143,,0.24,us,us10006teh,2016-09-29T02:24:39.040Z,"4km NE of Mooreland, Oklahoma",earthquake,2.6,4.8,,,reviewed,tul,tul
2016-09-28T00:28:17.450Z,33.3028333,-115.7068333,3.29,2.7,ml,55,72,0.05436,0.22,ci,ci37703472,2016-09-28T14:49:14.600Z,"6km SSE of Bombay Beach, CA",earthquake,0.23,0.42,0.13,99,reviewed,ci,ci
2016-09-27T20:57:07.620Z,36.386,27.5853,83.3,5.2,mwr,,,,0.95,us,us10006td4,2016-09-29T16:45:22.430Z,"30km NW of Emponas, Greece",earthquake,4.6,1,0.071,19,reviewed,isk,us
2016-09-27T20:39:01.060Z,11.7566,-85.9441,181.42,4.9,mb,,97,0.74,0.78,us,us10006tcy,2016-09-28T17:06:58.742Z,"11km E of Nandaime, Nicaragua",earthquake,6.2,4.6,0.054,109,reviewed,us,us
2016-09-27T17:53:01.800Z,39.0582,22.3055,8.51,4.2,mb,,67,1.05,1.17,us,us10006tar,2016-09-28T13:51:16.040Z,"5km SE of Omvriaki, Greece",earthquake,6,2.6,0.263,4,reviewed,us,us
2016-09-27T17:19:50.240Z,44.1143333,-110.3873333,7.28,2.52,ml,18,106,0.1806,0.17,uu,uu60163242,2016-09-28T21:36:45.890Z,"52km SE of Old Faithful Geyser, Wyoming",earthquake,0.35,1.09,0.273,3,reviewed,uu,uu
2016-09-27T17:07:27.030Z,-23.0853,-70.7148,24.55,4.6,mwr,,145,0.451,1.27,us,us10006t8j,2016-09-28T13:48:30.040Z,"70km NNW of Antofagasta, Chile",earthquake,4.5,4.7,,,reviewed,us,guc
2016-09-27T16:49:58.290Z,-23.1154,-70.627,14.06,4.8,mwr,,141,0.401,0.82,us,us10006t88,2016-09-27T20:20:46.040Z,"63km NNW of Antofagasta, Chile",earthquake,6.3,4.5,,,reviewed,us,guc
2016-09-27T16:44:35.800Z,19.177,-66.5169,42,2.8,Md,6,288,0.69619435,0.2,pr,pr16271019,2016-09-27T19:59:52.040Z,"79km N of Tierras Nuevas Poniente, Puerto Rico",earthquake,1.8,5.1,0,5,reviewed,pr,pr
2016-09-27T15:32:21.100Z,18.1576,-64.949,145,3.3,Md,17,104.4,0.19134116,0.07,pr,pr16271016,2016-09-27T17:08:12.040Z,"20km S of Charlotte Amalie, U.S. Virgin Islands",earthquake,1.1,0.7,0,10,reviewed,pr,pr
2016-09-27T14:17:38.000Z,-21.979,-68.679,105.9,4.1,mb,,,,0.33,us,us10006t6w,2016-09-27T15:01:09.040Z,"60km NNE of Calama, Chile",earthquake,6.9,5.4,0.368,2,reviewed,guc,us
2016-09-27T14:01:38.680Z,33.3116667,-115.6898333,2.95,2.58,ml,43,80,0.05468,0.18,ci,ci37702704,2016-09-27T20:49:56.630Z,"6km SE of Bombay Beach, CA",earthquake,0.2,0.31,0.149,68,reviewed,ci,ci
2016-09-27T13:04:06.970Z,-38.2766,-75.3071,18.68,4.3,mb,,203,2.169,0.36,us,us10006t6l,2016-09-27T14:46:54.040Z,"163km WSW of Lebu, Chile",earthquake,9.8,6.7,0.376,2,reviewed,us,us
2016-09-27T12:05:55.000Z,18.5438,-65.5828,85,3,Md,10,201.6,0.36830927,0.25,pr,pr16271014,2016-09-27T12:45:51.890Z,"23km NE of Luquillo, Puerto Rico",earthquake,2.8,1.6,0,5,reviewed,pr,pr
2016-09-27T10:02:12.600Z,18.0079,-67.0989,15,2.5,Md,13,133.2,0.00988147,0.27,pr,pr16271011,2016-09-27T11:39:38.491Z,"4km SSW of Palmarejo, Puerto Rico",earthquake,1,1.1,0,7,reviewed,pr,pr
2016-09-27T09:46:31.370Z,33.2978333,-115.7136667,3.02,2.68,ml,86,34,0.05705,0.22,ci,ci37702528,2016-09-27T20:43:54.559Z,"6km SSE of Bombay Beach, CA",earthquake,0.18,0.35,0.124,154,reviewed,ci,ci
2016-09-27T06:42:21.510Z,33.2943333,-115.7078333,5.3,2.5,ml,49,68,0.0619,0.24,ci,ci37702256,2016-09-27T20:29:10.770Z,"7km SSE of Bombay Beach, CA",earthquake,0.22,0.56,0.139,94,reviewed,ci,ci
2016-09-27T06:19:30.700Z,19.6254,-64.431,25,3.7,Md,14,306,1.21362395,0.36,pr,pr16271008,2016-09-27T08:26:50.485Z,"135km N of Road Town, British Virgin Islands",earthquake,1.5,30.4,0,9,reviewed,pr,pr
2016-09-27T06:09:59.790Z,36.505,-97.2484,2.02,3,mb_lg,,74,0.107,0.21,us,us10006t2n,2016-09-28T02:03:05.087Z,"20km SSE of Tonkawa, Oklahoma",earthquake,1.6,7.8,0.066,60,reviewed,us,us
2016-09-27T05:53:48.900Z,18.8924,-64.5982,24,3,Md,8,298.8,0.47341215,0.15,pr,pr16271007,2016-09-27T08:25:20.191Z,"52km N of Road Town, British Virgin Islands",earthquake,2,12.7,0,6,reviewed,pr,pr
2016-09-27T05:52:50.520Z,33.2906667,-115.711,6.74,3.18,ml,67,66,0.06453,0.23,ci,ci37702144,2016-09-27T19:21:46.855Z,"7km SSE of Bombay Beach, CA",earthquake,0.21,0.61,0.142,137,reviewed,ci,ci
2016-09-27T05:49:13.570Z,33.3068333,-115.6986667,3.59,2.54,ml,50,75,0.05407,0.2,ci,ci37702120,2016-09-28T13:22:13.290Z,"6km SE of Bombay Beach, CA",earthquake,0.2,0.33,0.124,103,reviewed,ci,ci
2016-09-27T05:46:11.820Z,-0.1456,-78.4358,10,2.9,ml,,152,0.38,0.47,us,us10006tlr,2016-09-28T21:00:21.920Z,"13km NE of Quito, Ecuador",earthquake,2.5,1.9,0.105,12,reviewed,us,us
2016-09-27T05:39:49.780Z,44.156,-106.0371667,6.25,2.96,ml,17,110,1.441,0.45,mb,mb80176294,2016-09-29T23:14:10.670Z,"45km WSW of Gillette, Wyoming",earthquake,1.62,9.85,0.134,16,reviewed,mb,mb
2016-09-27T04:43:51.280Z,33.287,-115.719,1.2,2.99,ml,57,62,0.06652,0.32,ci,ci37701856,2016-09-27T15:10:44.220Z,"7km S of Bombay Beach, CA",earthquake,0.34,0.66,0.115,111,reviewed,ci,ci
2016-09-27T04:43:48.930Z,33.2951667,-115.7148333,5.32,2.6,ml,56,67,0.05934,0.19,ci,ci37701848,2016-09-27T15:34:38.524Z,"6km SSE of Bombay Beach, CA",earthquake,0.2,0.48,0.066,12,reviewed,ci,ci
2016-09-27T04:39:22.390Z,33.29,-115.7181667,6.79,2.54,ml,71,64,0.06372,0.21,ci,ci37701816,2016-09-27T19:29:52.140Z,"7km SSE of Bombay Beach, CA",earthquake,0.19,0.57,0.173,26,reviewed,ci,ci
2016-09-27T04:08:19.900Z,18.0135,-68.7485,30,3.3,Md,11,248.4,0.60636282,0.64,pr,pr16271009,2016-09-27T08:53:03.793Z,"42km SSW of Boca de Yuma, Dominican Republic",earthquake,3.8,18.6,0,5,reviewed,pr,pr
2016-09-27T03:46:30.410Z,33.308,-115.6973333,3.1,3.46,mw,65,76,0.05371,0.19,ci,ci37701656,2016-09-28T03:48:28.864Z,"6km SE of Bombay Beach, CA",earthquake,0.17,0.27,,4,reviewed,ci,ci
2016-09-27T03:39:40.620Z,33.3091667,-115.6933333,2.54,3.39,ml,69,77,0.05473,0.24,ci,ci37701640,2016-09-27T14:02:50.715Z,"6km SE of Bombay Beach, CA",earthquake,0.2,0.36,0.122,140,reviewed,ci,ci
2016-09-27T03:36:15.240Z,33.3058333,-115.701,2.52,4.13,mw,104,39,0.05391,0.26,ci,ci37701632,2016-09-30T12:40:35.792Z,"6km SSE of Bombay Beach, CA",earthquake,0.17,0.34,,6,reviewed,ci,ci
2016-09-27T03:29:32.130Z,33.2915,-115.7143333,2.45,2.99,ml,67,66,0.06298,0.25,ci,ci37701584,2016-09-27T14:50:38.388Z,"7km SSE of Bombay Beach, CA",earthquake,0.19,0.41,0.119,103,reviewed,ci,ci
2016-09-27T03:29:10.660Z,33.2905,-115.7181667,2.54,2.76,ml,42,64,0.06323,0.17,ci,ci37701576,2016-09-27T17:57:50.652Z,"7km SSE of Bombay Beach, CA",earthquake,0.22,0.52,0.131,47,reviewed,ci,ci
2016-09-27T03:28:38.410Z,33.2876667,-115.7268333,2.93,2.6,ml,41,63,0.065,0.17,ci,ci37701568,2016-09-27T18:11:43.390Z,"7km S of Bombay Beach, CA",earthquake,0.19,0.38,0.119,47,reviewed,ci,ci
